<?xml version="1.0" encoding="UTF-8"?>
<!-- 2009059
subarna karki -->

<!-- Linking CSS into XML -->
<?xml-stylesheet type="text/css" href="20049059subarna.css"?>

<!-- Gift store's name -->
<store xsi:noNamespaceSchemaLocation="20049059subarna.xsd" xmlns:xsi="http://www.w3.org/2001/XMLSchema-instance">
    <Subarna_giftstore>
        <!-- for navigaton bar -->
            <nav_menuitems>
                <menu_items logos="subarna_logo"></menu_items>
                <menu_items>Home</menu_items>
                <menu_items>Buy Gift Cards</menu_items>
                <menu_items>Download App</menu_items>
                <menu_items>Gift Solutions</menu_items>
                <menu_items>Contacts</menu_items>
            </nav_menuitems>

        <!-- This is the main content -->
        <store_information>
            <store_details>
                <about>  Purchase,Transfer, and Redeem   </about>
                <second_about>  Gift Cards  </second_about>
                <short_desc1>S.K. Store would like to extend a warm welcome to you.</short_desc1>
                <short_desc2>We make it simple for you to offer the ideal gift card and manage them from anywhere!!</short_desc2>

                <first_icon>
                    <ficon></ficon>
                    <first_address>Jhapa</first_address>
                </first_icon>
                <PhoneNumber>9812341128</PhoneNumber>
                <email>skgiftstore69@gmail.com</email>
                <website>https://subarna.com</website>
                <buy_button>
                    <b1>Buy Now</b1>
                </buy_button>
                <!-- for logo in the home section -->
                <for_image></for_image>
            </store_details>
        </store_information>


        <!-- description for buying gift cards -->
        <buy_text>   Purchase gift cards from S.K. Store   </buy_text>


        <card_about type ="first_card">
            <!-- wrapping first image inside a border -->
            <border first_border="first_border">
                <logo logo_id ="logo01"></logo>
            </border>
            <!-- customer/buyer comes in gift store -->
            <buyer_type about="first_buyer">
                <buyer buyer_id="buy411B" buyer_type="shop">

                    <!-- example of normalized string where there is white space -->
                    <!-- for displaying card name -->
                    <card_name>Amazon Gift Card</card_name>

                    <!-- for name -->
                    <name> Subarna Karki</name>
                    <!-- for address -->
                    <real_address> Birtamode</real_address>
                    <!-- for phone number -->
                    <Mobile_Number>9876547181</Mobile_Number>
                    <!-- for email address -->
                    <email_address>subarnashop12@gmail.com.np</email_address>

                    <temporary_address>Illam</temporary_address>

                    


                    <!-- buyer does the order of items from store -->
                    <orders>
                        <order order_id="ord56o">
                            <order_day date_of_order="2077-09-12">2077-09-12</order_day>
                            <!-- orderd items -->

                            <!-- items ordered from gift card -->
                            <items_ordered>
                                <gift_card card="first_giftcard">
                                    <!-- Physical Giftcard -->

                                    <!-- for displaying card type -->
                                    <type card_type="Physical Giftcard">
                                        <card_type> Physical Giftcard</card_type>
                                        <validity>    4 Months    </validity>
                                        <discount_Code code="physicalcard_discount"> 8245#</discount_Code>
                                        <cost>40000</cost>

                                        
                                        <!-- for textfield -->
                                        <text_data got_card="false">Have you got the Unique Code?</text_data>
                                        <!-- optional data -->
                                        <ftext_field>No Unique Code</ftext_field>

                                    </type>
                                    <!-- items ordered -->
                                    <items itemid="item6786">
                                        Items bought using Amazon Gift card:-
                                        <items_menu Price_ofItem="40000.57">
                                            <item1>A relaxing essential oil diffuser</item1>
                                            <item2>A makeup mirror with excellent lighting</item2>
                                        </items_menu>
                                    </items>
                                </gift_card>
                            </items_ordered>
                        </order>
                    </orders>
                </buyer>
            </buyer_type>
        </card_about>


        <!-- Another buyer does the order from walmart gift card -->


        <buyer_type type="second_buyer">
            <buyer buyer_id="buy412B" buyer_type="home">

                <!-- for displaying card name -->
                <card_name>Walmart Gift Card</card_name>

                <!-- for displaying details -->
                <name>Yunisha Basnet</name>
                <real_address>Kathmandu</real_address>
                <Mobile_Number>9800998761</Mobile_Number>
                <email_address>yubasnyat22@gmail.com</email_address>

                <!-- buyer does the order of items from store -->
                <orders>
                    <order order_id="ord57o">

                        <order_day> 2078-11-01</order_day>
                        <!-- orderd items -->

                        <items_ordered>
                            <!-- items ordered using gift card -->
                            <gift_card card="second_giftcard">
                                <!-- Physical Giftcard -->
                                <type card_type="Physical Giftcard">
                                    <card_type> Physical Giftcard</card_type>
                                    <validity> 5 Months</validity>
                                    <Number_of_users physicalusers="Active_physicalusers"> 245</Number_of_users>
                                    <discount_Code Physical_discountcode="12"> 1625151#</discount_Code>
                                    <cost>20122</cost>

                                    <!-- for textfield -->
                                    <text_data got_card="false">Have you got the Unique Code?</text_data>
                                    <ftext_field>No Unique Code</ftext_field>
                                </type>

                                <!-- items ordered -->
                                <items itemid="item0987">
                                    Items bought using Walmart's gift card:-
                                    <items_menu Price_ofItem="32000">
                                        <item1>A Pressure cooker</item1>
                                        <item2>A weighted blanket for cold winter nights</item2>
                                    </items_menu>
                                </items>
                            </gift_card>
                        </items_ordered>
                    </order>
                </orders>
            </buyer>
        </buyer_type>

        <card_logo kind="second_card">
            <!-- wrapping second logo in border -->
            <border second_border="s_border">
                <logo logo_id="logo02"></logo>
            </border>
        </card_logo>


        <!-- Another buyer does the order from target gift card -->
        <card_about sort="third_card">
            <!-- wrapping first image inside a border -->
            <border third_border="t_border">
                <logo logo_id="logo03"></logo>
            </border>
            <buyer_type info="third_buyer">
                <buyer buyer_id="buy413B" buyer_type="Business">

                    <!-- for displaying details -->
                    <card_name>Target Gift Card</card_name>
                    <name>Sunita Thapa</name>
                    <real_address>Pokhara</real_address>
                    <Mobile_Number>9899807651</Mobile_Number>
                    <email_address>Thapasunita21@gmail.com</email_address>

                    <!-- buyer does the order of items from store -->
                    <orders>
                        <order order_id="ord59o">
                            <order_day>2078-12-21</order_day>
                            <!-- orderd items -->
                            <items_ordered>
                                <gift_card card="third_giftcard">
                                    <!-- Physical Giftcard -->
                                    <type card_type="Physical Giftcard">
                                        <card_type> Physical Gift Card</card_type>
                                        <validity> 3 Months</validity>
                                        <Number_of_users physicalusers="Active_physicalusers"> 665</Number_of_users>
                                        <cost>35000</cost>

                                        <!-- for textfield -->
                                        <text_data got_card="false">Have you got the Unique Code?</text_data>
                                        <ftext_field>No Unique Code</ftext_field>
                                    </type>
                                

                                <!-- items -->
                                <items itemid="item1272">
                                    Items bought using Target Gift card:-
                                    <items_menu Price_ofItem="9000.21">
                                        <item1>Electric Toothbrush</item1>
                                        <item2>Electric weighing machine</item2>
                                    </items_menu>
                                </items>
                            </gift_card>
                            </items_ordered>
                        </order>
                    </orders>
                </buyer>
            </buyer_type>
        </card_about>


        <!-- Third buyer comes with digital payment for games -->
        <buyer_type class="fourth_buyer">
            <buyer buyer_id="buy414B" buyer_type="Industry">

                <!-- for displaying card name -->
                <card_name>Play eGift Card</card_name>

                <!-- for deatils -->
                <name>Saraswoti Mahat</name>
                <real_address>Banepa</real_address>
                <Mobile_Number>9812345612</Mobile_Number>
                <email_address>sas54chanel@gmail.com</email_address>

                <!-- buyer does the order of items from store -->
                <orders>
                    <order order_id="ord60o">
                    
                        <!-- for order date -->
                        <order_day>2078-11-12</order_day>

                        <!-- orderd items -->
                        <items_ordered>
                            <gift_card card="fourth_giftcard">
                                <!-- Digital Giftcard -->
                                <type card_type="Digital Giftcard">
                                    <!-- for card type -->
                                    <card_type> Digital Giftcard</card_type>

                                   
                                    <validity> 5 Months</validity>
                                    <Number_of_users digitalusers="Active_digitalusers"> 220</Number_of_users>
                                    <discount_Code Digital_discountcode="47"> 12476554#</discount_Code>
                                    <cost>19455</cost>

                                    <!-- optional data -->
                                    <Unique_Number Unique_id=" sk:t32 "></Unique_Number>
                                    

                                    <!-- for textfield -->
                                    <text_data got_card="true"> Have you got the Unique Code?</text_data>
                                    <ftext_field Unique_id=" sk:t32 ">sk:t3</ftext_field>
                                </type>

                                <!-- ordered_items -->
                                <items itemid="item1235">
                                    Items bought using Play eGift Card:-
                                    <items_menu Price_ofItem="8500">
                                        <item1>THE BANNER SAGA</item1>
                                        <item2>CASTLEVANIA: SYMPHONY OF THE NIGHT </item2>
                                        <item3>DEAD CELLS</item3>
                                    </items_menu>
                                </items>
                            </gift_card>
                        </items_ordered>
                    </order>
                </orders>
            </buyer>
        </buyer_type>
        <card_logo category="fourth_card">
            <!-- wrapping logo inside a border -->
            <border fourth_border="fo_border">
                <logo logo_id="logo04"></logo>
            </border>
        </card_logo>


        <!-- fourth buyer comes with digital payment for food -->
        <card_about set="fifth_card">
            <!-- wrappping logo into border -->
            <border fifth_border="fi_border">
                <logo logo_id="logo05"></logo>
            </border>
            <buyer_type about="fifth_buyer">
                <buyer buyer_id="buy415B">
                    <!-- displaying cardname -->
                    <card_name>DoorDash eGift Card</card_name>

                    <!-- for details -->
                    <name>Bhuwan Basnet</name>
                    <real_address>Bhaktapur</real_address>
                    <Mobile_Number>9899098087</Mobile_Number>
                    <email_address>happy_bhuwan12@gmail.com</email_address>

                    <!-- buyer does the order of items from store -->
                    <orders>
                        <order order_id="ord61o">
                            <order_day>2078-01-11</order_day>
                            <!-- orderd items -->

                            <items_ordered>
                                <!-- order using gift card -->
                                <gift_card card="fifth_giftcard">
                                    <!-- Digital Giftcard -->
                                    <type card_type="Digital Giftcard">
                                        <!-- for card type -->
                                        <card_type> Digital Giftcard</card_type>
                                        <Number_of_users digitalusers="Active_digitalusers"> 87</Number_of_users>
                                        <discount_Code Digital_discountcode="47"> 838321#</discount_Code>
                                        <cost>7600</cost>
                                        <Unique_Number Unique_id="tr:7765"></Unique_Number>


                                        <!-- for textfield -->
                                        <text_data got_card="true">Have you got the Unique Code?</text_data>
                                        <ftext_field Unique_id="tr:7765">tr:7765</ftext_field>
                                    </type>


                                    <!-- ordered_items -->
                                    <items itemid="item9828">
                                        Items bought using DoorDash eGift Card:-
                                        <items_menu Price_ofItem="10000">
                                            <item1>Italian Cheese Pasta</item1>
                                            <item2>Chicken Mo:Mo </item2>
                                        </items_menu>
                                    </items>
                                </gift_card>
                            </items_ordered>
                        </order>
                    </orders>
                </buyer>
            </buyer_type>
        </card_about>

        <!-- fifth buyer comes with digital payment for apple products -->
        <buyer_type type="sixth_buyer">
            <buyer buyer_id="buy416B">
                <!-- for displaying cardname -->
                <card_name>Apple eGift Cards</card_name>
                <name>Bishnu Karki</name>
                <real_address>Damak</real_address>
                <Mobile_Number>9878765679</Mobile_Number>
                <email_address>karkibishnu44@gmail.com</email_address>

                <!-- buyer does the order of items from store -->
                <orders>
                    <order order_id="ord62o">
                        <!-- for order day -->
                        <order_day>2078-10-09</order_day>

                        <!-- time of order -->
                        <digital_time>08:10:10</digital_time>
                        <!-- orderd items -->
                        <items_ordered>
                            <gift_card card="sixth_giftcard">
                                <!-- Digital Giftcard -->
                                <type card_type="Digital Giftcard">
                                    <!-- for card type -->
                                    <card_type> Digital Giftcard</card_type>
                                    <validity> 7 Months</validity>
                                    <Number_of_users digitalusers="Active_digitalusers"> 443</Number_of_users>
                                    <discount_Code Digital_discountcode="47"> 81278172#</discount_Code>
                                    <cost>12770</cost>
                                    <Unique_Number Unique_id="sk:t32"></Unique_Number>

                                    <!-- for textfield -->
                                    <text_data got_card="true">Have you got the Unique Code?</text_data>
                                    <ftext_field Unique_id="gs:44655"> 
                                    gs:44655
                                   </ftext_field>
                                </type>
                            
                            <!-- items -->
                            <items itemid="itemD4546">
                                Items bought using Apple eGift Card:-
                                <items_menu Price_ofItem="12000">
                                    <item1>Apple Airpods</item1>
                                    <item2>Iphone 13 </item2>
                                    <item3>Apple Tablet</item3>
                                </items_menu>
                            </items>
                        </gift_card>
                        </items_ordered>
                    </order>
                </orders>
            </buyer>
        </buyer_type>


        <!-- card image-->
        <card_logo nature="sixth_card">
            <!-- wrapping sixth logo into a border -->
            <border sixth_border="si_border">
                <logo logo_id="logo06"></logo>
            </border>
        </card_logo>


        <!-- for shop by occasion, lots of cards-->
        <occasion_card>Shop according to your needs.</occasion_card>
        <!-- divsion for photos -->
        <overall_div first_division="first_div">
            <div div_type="3">
                <last_image images_id="first_image"></last_image>
                <text variation="birthday">Birthday</text>
            </div>
            <div div_type="2">
                <last_image images_id="second_image"></last_image>
                <text type="food">Food</text>
            </div>
            <div div_type="1">
                <last_image images_id="third_image"></last_image>
                <text variant="wedding">Wedding</text>
            </div>
        </overall_div>

        <overall_div second_division="second_div">
            <div div_type="4">
                <last_image images_id="four_image"></last_image>
                <text type="music">Music</text>
            </div>
            <div div_type="5"> 
                <last_image images_id="fifth_image"></last_image>
                <text type="game">Game</text>
            </div>
            <div div_type="6">
                <last_image images_id="sixth_image"></last_image>
                <text type="movie">Movie</text>
            </div>
        </overall_div>


        <!-- for sign up -->
        <sign_up>
            <texts>
                Have the best offers, the most up-to-date trends, and more.
            </texts>
            <!-- for textfield -->
            <forms>Email Address</forms>
            <register_button>
                <reg_text>
                    Register
                </reg_text>
            </register_button>
        </sign_up>

        <!--for mini text  -->
        <mini_text>
            <m_text1>*Details of the promotion can be found here.</m_text1>
            <m_text2>There are several limitations. Pricing, promotions, and availability at S.K Store may vary by area.</m_text2>
        </mini_text>


        <!-- footer of the giftstore -->
        <footers>
            <foots foot_id="fid">
                <fh1>Learn More</fh1>
                <f2>Buy Gift cards</f2>
                <f2>Buy Gift cards with FonePay</f2>
                <f2>Shop with FonePay</f2>
                <f2>What is FonePay?</f2>
            </foots>


            <foots foot_id="sid">
                <fh1>Product</fh1>
                <f2>Download the APP</f2>
                <f2>Buy in Bulk</f2>
                <f2>Developers</f2>
                <f2>Gift Solutions</f2>
            </foots>

            <foots foot_id="tid">
                <fh1>Stores</fh1>
                <f2>Find a Store</f2>
                <f2>Clinic</f2>
                <f2>Pharmacy</f2>
                <f2>Optical</f2>
            </foots>

            <foots foot_id="foid">
                <fh1>Legal</fh1>
                <f2>Terms of service</f2>
                <f2>Terms of sales</f2>
                <f2>Privacy</f2>
                <f2>Copyright Policy</f2>

            </foots>

            <foots foot_id="fiid">
                <fh1>Services</fh1>
                <f2>Help Center</f2>
                <f2>Same Day Delivery</f2>
                <f2>Order Pickup</f2>
                <f2>Drive Up</f2>
                <f2>Shipping and Delivery</f2>

            </foots>
        </footers>
    </Subarna_giftstore>
</store>
